{"ru_utime" : 29.555064, "ru_stime" : 0.013878, "ru_nvcsw" : 797, "ru_nivcsw" : 41, "realtime" : 9.497340}