{"ru_utime" : 29.901019, "ru_stime" : 0.009703, "ru_nvcsw" : 952, "ru_nivcsw" : 38, "realtime" : 10.330458}